Workbook

Sheet Exectuive View

Sheet Cleaned Data
A1: Product_ID | B1: Product_Group | C1: Revenue_EUR_m | D1: Profit_EUR_m | E1: Profit Margin
A2: P0001 | B2: Switch | C2: 16.05 | D2: 5.18 | E2: =Portfolio_Data_ProductGroups[[#This Row],[Profit_EUR_m]]/Portfolio_Data_ProductGroups[[#This Row],[Revenue_EUR_m]] -> 0.32274143
A3: P0002 | B3: WLAN | C3: 13.78 | D3: 4.14 | E3: =Portfolio_Data_ProductGroups[[#This Row],[Profit_EUR_m]]/Portfolio_Data_ProductGroups[[#This Row],[Revenue_EUR_m]] -> 0.30043541
A4: P0003 | B4: Router | C4: 14.5 | D4: 2.94 | E4: =Portfolio_Data_ProductGroups[[#This Row],[Profit_EUR_m]]/Portfolio_Data_ProductGroups[[#This Row],[Revenue_EUR_m]] -> 0.20275862
A5: P0004 | B5: Router | C5: 37.12 | D5: 9.5 | E5: =Portfolio_Data_ProductGroups[[#This Row],[Profit_EUR_m]]/Portfolio_Data_ProductGroups[[#This Row],[Revenue_EUR_m]] -> 0.25592672
A6: P0005 | B6: Router | C6: 14.43 | D6: 2.89 | E6: =Portfolio_Data_ProductGroups[[#This Row],[Profit_EUR_m]]/Portfolio_Data_ProductGroups[[#This Row],[Revenue_EUR_m]] -> 0.2002772
A7: P0006 | B7: Network Management Software | C7: 7.8 | D7: 2.6 | E7: =Portfolio_Data_ProductGroups[[#This Row],[Profit_EUR_m]]/Portfolio_Data_ProductGroups[[#This Row],[Revenue_EUR_m]] -> 0.33333333
A8: P0007 | B8: Network Management Software | C8: 9.42 | D8: 3.99 | E8: =Portfolio_Data_ProductGroups[[#This Row],[Profit_EUR_m]]/Portfolio_Data_ProductGroups[[#This Row],[Revenue_EUR_m]] -> 0.42356688
A9: P0008 | B9: Network Management Software | C9: 10.64 | D9: 3.49 | E9: =Portfolio_Data_ProductGroups[[#This Row],[Profit_EUR_m]]/Portfolio_Data_ProductGroups[[#This Row],[Revenue_EUR_m]] -> 0.32800752
A10: P0009 | B10: Network Management Software | C10: 9.42 | D10: 3.4 | E10: =Portfolio_Data_ProductGroups[[#This Row],[Profit_EUR_m]]/Portfolio_Data_ProductGroups[[#This Row],[Revenue_EUR_m]] -> 0.36093418
A11: P0010 | B11: WLAN | C11: 10.27 | D11: 3.92 | E11: =Portfolio_Data_ProductGroups[[#This Row],[Profit_EUR_m]]/Portfolio_Data_ProductGroups[[#This Row],[Revenue_EUR_m]] -> 0.38169426
A12: P0011 | B12: Switch | C12: 3.93 | D12: 0.95 | E12: =Portfolio_Data_ProductGroups[[#This Row],[Profit_EUR_m]]/Portfolio_Data_ProductGroups[[#This Row],[Revenue_EUR_m]] -> 0.24173028
A13: P0012 | B13: Router | C13: 38.07 | D13: 7.42 | E13: =Portfolio_Data_ProductGroups[[#This Row],[Profit_EUR_m]]/Portfolio_Data_ProductGroups[[#This Row],[Revenue_EUR_m]] -> 0.19490412
... A1001: P1000 | B1001: Router | C1001: 61.74 | D1001: 13.62 | E1001: =Portfolio_Data_ProductGroups[[#This Row],[Profit_EUR_m]]/Portfolio_Data_ProductGroups[[#This Row],[Revenue_EUR_m]] -> 0.22060253

Sheet Summary
A1: Portfolio | B1: Products | C1: Revenue(€m) | D1: Profit(€m) | E1: Margin% | F1: Revenue Share% | G1: Profit Share% | H1: Standard Margin
A2: Network Management Software | B2: =COUNTIF('Cleaned Data'!$B:$B,"Network Management Software") -> 145 | C2: =SUMIF('Cleaned Data'!B:B,"Network Management Software",'Cleaned Data'!C:C) -> 1617.5 | D2: =SUMIF('Cleaned Data'!B:B,"Network Management Software",'Cleaned Data'!D:D) -> 711.64 | E2: =D2/C2 -> 0.43996291 | F2: =C2/$C$6 -> 0.079572517 | G2: =D2/$D$6 -> 0.13327365 | H2: =$E$6 -> 0.26268474
A3: WLAN | B3: =COUNTIF('Cleaned Data'!$B:$B,"WLAN") -> 254 | C3: =SUMIF('Cleaned Data'!B:B,"WLAN",'Cleaned Data'!C:C) -> 4266.39 | D3: =SUMIF('Cleaned Data'!B:B,"WLAN",'Cleaned Data'!D:D) -> 1179.43 | E3: =D3/C3 -> 0.27644683 | F3: =C3/$C$6 -> 0.20988401 | G3: =D3/$D$6 -> 0.22087986 | H3: =$E$6 -> 0.26268474
A4: Switch | B4: =COUNTIF('Cleaned Data'!$B:$B,"Switch") -> 368 | C4: =SUMIF('Cleaned Data'!B:B,"Switch",'Cleaned Data'!C:C) -> 9314.25 | D4: =SUMIF('Cleaned Data'!B:B,"Switch",'Cleaned Data'!D:D) -> 2301.8 | E4: =D4/C4 -> 0.24712671 | F4: =C4/$C$6 -> 0.45821225 | G4: =D4/$D$6 -> 0.43107371 | H4: =$E$6 -> 0.26268474
A5: Router | B5: =COUNTIF('Cleaned Data'!$B:$B,"Router") -> 233 | C5: =SUMIF('Cleaned Data'!B:B,"Router",'Cleaned Data'!C:C) -> 5129.23 | D5: =SUMIF('Cleaned Data'!B:B,"Router",'Cleaned Data'!D:D) -> 1146.82 | E5: =D5/C5 -> 0.22358522 | F5: =C5/$C$6 -> 0.25233122 | G5: =D5/$D$6 -> 0.21477277 | H5: =$E$6 -> 0.26268474
A6: TOTAL | B6: =SUM(B2:B5) -> 1000 | C6: =SUM(C2:C5) -> 20327.37 | D6: =SUM(D2:D5) -> 5339.69 | E6: =D6/C6 -> 0.26268474 | F6: =SUM(F2:F5) -> 1 | G6: =SUM(G2:G5) -> 1
A10: Metric | B10: Network Management Software | C10: WLAN | D10: Switch | E10: Router
A11: Revenue Share % | B11: =F2 -> 0.079572517 | C11: =F3 -> 0.20988401 | D11: =F4 -> 0.45821225 | E11: =F5 -> 0.25233122
A12: Profit Share % | B12: =G2 -> 0.13327365 | C12: =G3 -> 0.22087986 | D12: =G4 -> 0.43107371 | E12: =G5 -> 0.21477277
